{"linear": {"rmse": [0.01524671011932308, 0.015396954806614235, 0.015379540165708017, 0.015448554606239244, 0.015336220637653313, 0.015327622132771841, 0.015336888895415488, 0.015270688510278374, 0.015287213893836327, 0.015225019831000388], "r2": [0.8130373026289401, 0.8109168744010952, 0.8110327048786018, 0.8101562353137507, 0.8122433703792412, 0.8123906697978512, 0.812100125962935, 0.8134812948680548, 0.8122164294002304, 0.8140287681298121]}, "polinomial": {"rmse": [0.010113645468164892, 0.009708337251212206, 0.009964806334865857, 0.010222156112719037, 0.009822916322497637, 0.009979108269392191, 0.01011556880000926, 0.009752694638647932, 0.009944230917577205, 0.009875750118986266], "r2": [0.8759814791397993, 0.8807762460250316, 0.8775631469329117, 0.8743822545789897, 0.8797410584175642, 0.8778562126455012, 0.8760691222127085, 0.8808789810411295, 0.8778480368274185, 0.8793692595703271], "time": 2.879424206415812}, "rnn_10": {"rmse": [0.010093043303402213, 0.0100712660594685, 0.009917197882298391, 0.010228148005567863, 0.009994991569773166, 0.0100926365294509, 0.009986133124694612, 0.010508416926682107, 0.009868653589750156, 0.010413038806425948], "r2": [0.8762341130697139, 0.876319279417225, 0.8781481085383731, 0.8743086215741545, 0.8776343941204761, 0.8764666324063661, 0.8776549032177985, 0.8716484645186682, 0.8787764061545119, 0.8728063624324447]}, "rnn_5": {"rmse": [0.0116181966743047, 0.01081785907862377, 0.010791186664786996, 0.012652269438553732, 0.011094630669061032, 0.01174883410008775, 0.011186825771532119, 0.010132346282922117, 0.010588481897693415, 0.010736509173087324], "r2": [0.85753192840844, 0.8671507039823242, 0.867409471725189, 0.8445191460779292, 0.8641718510363874, 0.8561948567703226, 0.862944618841582, 0.8762418533147946, 0.8699342501656514, 0.8688552225830877]}, "rnn_2": {"rmse": [0.01320658790836564, 0.011699921615186156, 0.014610244728021532, 0.013336825346230532, 0.01457818395386558, 0.015350724751525567, 0.012219873268737773, 0.012325513280000413, 0.012263355492217813, 0.013693434646819547], "r2": [0.8380542898046724, 0.8563184879057226, 0.8204849821536392, 0.8361067946337954, 0.8215237802168152, 0.8121078948969072, 0.8502882387945654, 0.8494541503138575, 0.8493606030598259, 0.832736841194931]}, "rnn_10_5": {"rmse": [0.00993471936644891, 0.00986581342355582, 0.009866907868702327, 0.009998276664090958, 0.009943951099719654, 0.009991586272760679, 0.009643420442401187, 0.00980959709552672, 0.009715580250017918, 0.009762385130034924], "r2": [0.8781755594591012, 0.8788423514823722, 0.8787660182898008, 0.8771334580699798, 0.878259266887889, 0.877703482506805, 0.8818536471920793, 0.8801839650587975, 0.8806567133509815, 0.8807539951490161]}, "rnn_20_5": {"rmse": [0.009747669585170716, 0.009554731974559834, 0.009644669295446972, 0.009851942295844714, 0.009620490363820941, 0.009797404477848564, 0.009666985924495716, 0.009572378758233746, 0.009686107907553691, 0.009624221598889988], "r2": [0.8804692563534966, 0.8826626038264741, 0.8814966475288558, 0.8789317277514445, 0.8822192971340557, 0.8800802579886993, 0.881564934719336, 0.8830813889094415, 0.8810187428051585, 0.8824416410353118]}, "gradientboosting": {"rmse": [0.010424519290303904, 0.01033287183703681, 0.010381057495124925, 0.01051632430368032, 0.01038148086081914, 0.010411489203408784, 0.010320370047943452, 0.010379591507514423, 0.01038160687790376, 0.010340278402201425], "r2": [0.8721693906384576, 0.8731066156977667, 0.8724486991017155, 0.8707672887620272, 0.8729027246703676, 0.872563891584846, 0.8735599999942532, 0.8732219594108639, 0.8724754411343774, 0.8736951193703802]}, "xgboost": {"rmse": [0.010443961270976129, 0.010332970428274324, 0.010381167323068756, 0.010516464198520734, 0.010377773777005952, 0.010380238659432, 0.010320458315539632, 0.010379837670975365, 0.010394873964053968, 0.010340301999636694], "r2": [0.8719309834594486, 0.8731054049428103, 0.8724473496537314, 0.8707655696262349, 0.8729481093566557, 0.8729463966840161, 0.8735589185839152, 0.8732189527297994, 0.8723124722097557, 0.8736948311314056]}}