{"linear": {"rmse": [0.015292772116785768, 0.015402199430824978, 0.015418589898523833, 0.015463338969276536, 0.015575792219839686, 0.015327797676912832, 0.015375264851448203, 0.01530548601968305, 0.015340221718317405, 0.01539812993169354], "r2": [0.8127048386322613, 0.8113184303480375, 0.8102231837081892, 0.8110129187108814, 0.8087157448627476, 0.8115868437544528, 0.8113679675136565, 0.8118130348507366, 0.8122859444004524, 0.8123614260003753], "time": 0.07441794077555339}, "polinomial": {"rmse": [0.009809324522590876, 0.009889426086223877, 0.010291100539860572, 0.010105346401044298, 0.009917494009400842, 0.009823921026942514, 0.009932949029918656, 0.009727143008616893, 0.009953141691905733, 0.009929178244577782], "r2": [0.8798622639939445, 0.878851559786235, 0.8733339229172536, 0.876496277709276, 0.8782045607927396, 0.879241884163098, 0.8781372300119872, 0.8804009542715329, 0.8782061545620543, 0.8790049924850997], "time": 2.9142895658810932}, "rnn_10": {"rmse": [0.01045517844154228, 0.010297282897155953, 0.010434120336242678, 0.010334867476140042, 0.010296833943255004, 0.01008656355755208, 0.010012726625271327, 0.009958164017361267, 0.010175674736580447, 0.010426397613214544], "r2": [0.8719522975701844, 0.8738551913373306, 0.8715735906298829, 0.8736911579248059, 0.8735459369701464, 0.8760134159121763, 0.8771584754927224, 0.8775604601855943, 0.8754830791666754, 0.8729459753375717], "time": 2.6329830646514893}, "rnn_5": {"rmse": [0.010504578230793928, 0.010400975166586248, 0.010727795712951758, 0.011298301275060813, 0.010317939944122249, 0.010874002155720541, 0.010886153763199409, 0.010986228721140318, 0.011050425791821175, 0.010076223357354162], "r2": [0.871347283552532, 0.8725849298889736, 0.8679589424433789, 0.8619164343650958, 0.8732867369501516, 0.8663340219928555, 0.8664428008134283, 0.8649200006580462, 0.8647789921440512, 0.8772131297460937], "time": 2.5974674820899963}, "rnn_2": {"rmse": [0.011758700635015376, 0.013354182976414384, 0.012182249562019137, 0.013472687866901636, 0.012439931196549193, 0.013060152859435119, 0.013323108784495637, 0.012295212822006529, 0.012315755157717665, 0.01208635733924031], "r2": [0.8559876707707703, 0.8364072471126014, 0.8500570705643038, 0.8353419037024328, 0.8472268415432757, 0.8394613059773184, 0.8365449237240714, 0.8488255267515097, 0.8492955062268942, 0.8527180335504857], "time": 2.4335683902104694}, "rnn_10_5": {"rmse": [0.00985191945732651, 0.009947200948088089, 0.0101100542008113, 0.010096596898532859, 0.009887788636959959, 0.010343595519085608, 0.009899039737597504, 0.009981729479937477, 0.00989358724858723, 0.009735563486985689], "r2": [0.8793405910680789, 0.8781438003735664, 0.8755622977590638, 0.8766032108202718, 0.8785693685637171, 0.8728539141918827, 0.8785532474785163, 0.8772707135627917, 0.8789349058336831, 0.8813643437297652], "time": 3.709914708137512}, "rnn_20_5": {"rmse": [0.009818675935969102, 0.009792321974348326, 0.009864974282748967, 0.009867242054122774, 0.009912171338555723, 0.009642411337728298, 0.010036156305629838, 0.009627103676539723, 0.009806556807058227, 0.009622121408197687], "r2": [0.8797477344328999, 0.8800411143255478, 0.878578817874913, 0.8794062989961634, 0.8782699278131505, 0.8814730470577852, 0.8768710275515499, 0.8816309771714885, 0.8799998733054712, 0.8827467265249332], "time": 3.89723531405131}, "gradientboosting": {"rmse": [0.01039549107550561, 0.010449692528942364, 0.010587397263451303, 0.010661195087869283, 0.010534336869249764, 0.010463258543847165, 0.010382671922324992, 0.010415544118794744, 0.010461683393798379, 0.010360638752366412], "r2": [0.8726833066225709, 0.8719881275660366, 0.8696870103752625, 0.8697029052578178, 0.8706291947813312, 0.8713829861005515, 0.8726197872836914, 0.8719367921035917, 0.8719832702350451, 0.8737472998446462], "time": 12.70135991970698}, "xgboost": {"rmse": [0.010362398201318549, 0.01044978644074348, 0.010587868769037386, 0.010661381359656118, 0.01053461985801484, 0.010459724901390874, 0.010382882489611354, 0.0104156811610285, 0.01045844481310053, 0.010360717719483445], "r2": [0.8730886049663672, 0.871986977118263, 0.869681206937362, 0.8697006287144793, 0.8706257194335366, 0.8714264225251617, 0.872617203930781, 0.8719351071154747, 0.8720228998524223, 0.8737463375669345], "time": 8.680144516626994}}