{"linear": {"rmse": [0.014928746812983966, 0.014870238817798554, 0.014904653900313865, 0.01478701900651648, 0.014924997294064973, 0.014720289411519864, 0.01487365915943501, 0.014781862794058864, 0.01496927704348834, 0.014652651256092239], "r2": [0.8175132602819005, 0.8181959380895067, 0.8179978129449044, 0.818323738264163, 0.8173644048049811, 0.8196439983418848, 0.8170951927436146, 0.8186524900549499, 0.8164284655687846, 0.8200781210017], "time": 0.08958187898000082}, "polinomial": {"rmse": [0.010257630281393527, 0.010170990568655197, 0.010222795131991449, 0.010219010651120268, 0.0101696126207099, 0.010094916573661846, 0.010179005208303097, 0.010066695004909148, 0.010350277472610664, 0.010075995976004792], "r2": [0.8746122812092221, 0.875649112183621, 0.8751684484401581, 0.8744471990658788, 0.8755555383165992, 0.8763150139648032, 0.8748264320346881, 0.876499322314757, 0.8730722725007958, 0.876275487821473], "time": 2.3620086908340454}, "rnn_10": {"rmse": [0.009504938895496678, 0.009588027816780557, 0.009523297243328748, 0.00959888755439399, 0.009664570597908973, 0.009408656998343213, 0.009422151709499496, 0.00942440564757984, 0.009582131329210552, 0.00933917179136554], "r2": [0.8838130666969062, 0.8827764352570387, 0.8837100855978215, 0.8820661549879366, 0.8817356835196689, 0.8847232068775868, 0.8841336335670146, 0.8843790853215339, 0.8824922174855616, 0.8853230512606537], "time": 2.5794682184855144}, "rnn_5": {"rmse": [0.011991689709634334, 0.009761123570888965, 0.00965343442225758, 0.010163290282498658, 0.010126516288041561, 0.009626962947561329, 0.01161385461283401, 0.010739733667034382, 0.010640023877033373, 0.010133362722470543], "r2": [0.8534154014241166, 0.8806601604895682, 0.8821209677732386, 0.8751317906167015, 0.876082903528969, 0.8820484776627966, 0.8571817589273857, 0.8682423193122522, 0.869519048660975, 0.8755710738123124], "time": 2.588517653942108}, "rnn_2": {"rmse": [0.011146228190088014, 0.022970343753069684, 0.012821821610367387, 0.012801115609263594, 0.019597047412868777, 0.012672394019473796, 0.012900717404292295, 0.012248989690341846, 0.013083526950070134, 0.013807463433942398], "r2": [0.8637501949732262, 0.7191637707398543, 0.8434314818227338, 0.8427229430817402, 0.7601930273221853, 0.8447352322434724, 0.841356911234289, 0.8497263970966582, 0.8395538334270254, 0.8304562961462462], "time": 2.2235026677449543}, "rnn_10_5": {"rmse": [0.009084935047375441, 0.00925271126298059, 0.009332299683295953, 0.009171867124272707, 0.009094816023980995, 0.009204812598885868, 0.00935517571279628, 0.009201419188743941, 0.009206385322116959, 0.009084099603184369], "r2": [0.8889471301164854, 0.8868760272174379, 0.8860423754906732, 0.8873126130735776, 0.8887077092878611, 0.8872207502219286, 0.8849572528012926, 0.8871147377643105, 0.887100073354498, 0.8884551170264776], "time": 3.7662991722424826}, "rnn_20_5": {"rmse": [0.00908377208253338, 0.009022065197799915, 0.009029436289149982, 0.009033674067293388, 0.008934833684505204, 0.008907715268444963, 0.009008123984828403, 0.00899921752213893, 0.009094807605614194, 0.008942158728210312], "r2": [0.8889613460225553, 0.8896959141087856, 0.8897406700288869, 0.8890104805057344, 0.8906653960609416, 0.890860847581678, 0.8892250277134058, 0.8895953972898674, 0.8884683754152615, 0.8901980281546857], "time": 3.9049857815106708}, "gradientboosting": {"rmse": [0.010085388714192286, 0.009992126627352585, 0.010133448703737512, 0.010076098343463506, 0.010104151258147311, 0.009907160559284017, 0.010189749326937973, 0.00996154270300169, 0.010227622203591621, 0.009866091688199186], "r2": [0.8767177360364922, 0.8778359090102605, 0.8762594664172636, 0.8762030481521401, 0.8763565820071497, 0.8786154391190769, 0.8746943091369542, 0.8777893564857935, 0.8745764210227642, 0.8788529308528891], "time": 14.67674792210261}, "xgboost": {"rmse": [0.010090556220132923, 0.009992361920331755, 0.010162569608321148, 0.010076084065241473, 0.01004489356667566, 0.009907335247291356, 0.010189498070204153, 0.00996155891064278, 0.010227280151801821, 0.009898394766252334], "r2": [0.876654569226619, 0.8778330323100356, 0.8759038682021898, 0.8762032235772209, 0.877081712038236, 0.8786132988058222, 0.8746973988987928, 0.8777891576464865, 0.8745806156790409, 0.8784562770051197], "time": 10.196440267562867}, "rnn_20": {"rmse": [0.009144040607350518, 0.009242951740963032, 0.009156229960141326, 0.009115271961165636, 0.00906589836362465, 0.009031669591593757, 0.009305738119495343, 0.009138979344643234, 0.009076163165985194, 0.008939718282800449], "r2": [0.8882246327043326, 0.886995347476301, 0.8881923801068591, 0.888007952523746, 0.8890615716039989, 0.889342133819579, 0.8855651982555348, 0.8878807650510454, 0.8886970162762304, 0.8902279947126868], "time": 2.9859612623850507}}